<productinfo xmlns:xsi="http://www.w3.org/2001/XMLSchema-instance"
    xsi:noNamespaceSchemaLocation="optional">
<!--
OpenOCL

Copyright 2019 Jonas Koenemann, Moritz Diehl, University of Freiburg
Copyright 2015-2018 Jonas Koennemanm, Giovanni Licitra
Redistribution is permitted under the 3-Clause BSD License terms. Please
ensure the above copyright notice is visible in any derived work.
-->
    <?xml-stylesheet type="text/xsl"href="optional"?>

    <matlabrelease>R2016b</matlabrelease>
    <name>OpenOCL</name>
    <type>toolbox</type>
    <icon></icon>
    <help_location>doc</help_location>
    <help_contents_icon></help_contents_icon>
</productinfo> 
